{
  "ATM": [
    {
      "code": "ABBANK",
      "logo": "https://sandbox.vnpayment.vn/apis/assets/images/bank/abbank_logo.png"
    },
    {
      "code": "ACB",
      "logo": "https://sandbox.vnpayment.vn/apis/assets/images/bank/acb_logo.png"
    },
    {
      "code": "AGRIBANK",
      "logo": "https://sandbox.vnpayment.vn/apis/assets/images/bank/agribank_logo.png"
    },
    {
      "code": "BACABANK",
      "logo": "https://sandbox.vnpayment.vn/apis/assets/images/bank/bacabank_logo.png"
    },
    {
      "code": "BIDV",
      "logo": "https://sandbox.vnpayment.vn/apis/assets/images/bank/bidv_logo.png"
    },
    {
      "code": "DONGABANK",
      "logo": "https://sandbox.vnpayment.vn/apis/assets/images/bank/dongabank_logo.png"
    },
    {
      "code": "EXIMBANK",
      "logo": "https://sandbox.vnpayment.vn/apis/assets/images/bank/eximbank_logo.png"
    },
    {
      "code": "HDBANK",
      "logo": "https://sandbox.vnpayment.vn/apis/assets/images/bank/hdbank_logo.png"
    },
    {
      "code": "IVB",
      "logo": "https://sandbox.vnpayment.vn/apis/assets/images/bank/ivb_logo.png"
    },
    {
      "code": "MBBANK",
      "logo": "https://sandbox.vnpayment.vn/apis/assets/images/bank/mbbank_logo.png"
    },
    {
      "code": "MSBANK",
      "logo": "https://sandbox.vnpayment.vn/apis/assets/images/bank/msbank_logo.png"
    },
    {
      "code": "NAMABANK",
      "logo": "https://sandbox.vnpayment.vn/apis/assets/images/bank/namabank_logo.png"
    },
    {
      "code": "NCB",
      "logo": "https://sandbox.vnpayment.vn/apis/assets/images/bank/ncb_logo.png"
    },
    {
      "code": "OCB",
      "logo": "https://sandbox.vnpayment.vn/apis/assets/images/bank/ocb_logo.png"
    },
    {
      "code": "OJB",
      "logo": "https://sandbox.vnpayment.vn/apis/assets/images/bank/ojb_logo.png"
    },
    {
      "code": "PVCOMBANK",
      "logo": "https://sandbox.vnpayment.vn/apis/assets/images/bank/PVComBank_logo.png"
    },
    {
      "code": "SACOMBANK",
      "logo": "https://sandbox.vnpayment.vn/apis/assets/images/bank/sacombank_logo.png"
    },
    {
      "code": "SAIGONBANK",
      "logo": "https://sandbox.vnpayment.vn/apis/assets/images/bank/saigonbank.png"
    },
    {
      "code": "SCB",
      "logo": "https://sandbox.vnpayment.vn/apis/assets/images/bank/scb_logo.png"
    },
    {
      "code": "SHB",
      "logo": "https://sandbox.vnpayment.vn/apis/assets/images/bank/shb_logo.png"
    },
    {
      "code": "TECHCOMBANK",
      "logo": "https://sandbox.vnpayment.vn/apis/assets/images/bank/techcombank_logo.png"
    },
    {
      "code": "TPBANK",
      "logo": "https://sandbox.vnpayment.vn/apis/assets/images/bank/tpbank_logo.png"
    },
    {
      "code": "VPBANK",
      "logo": "https://sandbox.vnpayment.vn/apis/assets/images/bank/vpbank_logo.png"
    },
    {
      "code": "SEABANK",
      "logo": "https://sandbox.vnpayment.vn/apis/assets/images/bank/seabank_logo.png"
    },
    {
      "code": "VIB",
      "logo": "https://sandbox.vnpayment.vn/apis/assets/images/bank/vib_logo.png"
    },
    {
      "code": "VIETABANK",
      "logo": "https://sandbox.vnpayment.vn/apis/assets/images/bank/vietabank_logo.png"
    },
    {
      "code": "VIETBANK",
      "logo": "https://sandbox.vnpayment.vn/apis/assets/images/bank/vietbank_logo.png"
    },
    {
      "code": "VIETCAPITALBANK",
      "logo": "https://sandbox.vnpayment.vn/apis/assets/images/bank/vccb_logo.png"
    },
    {
      "code": "VIETCOMBANK",
      "logo": "https://sandbox.vnpayment.vn/apis/assets/images/bank/vietcombank_logo.png"
    },
    {
      "code": "VIETINBANK",
      "logo": "https://sandbox.vnpayment.vn/apis/assets/images/bank/vietinbank_logo.png"
    },
    {
      "code": "BIDC",
      "logo": "https://sandbox.vnpayment.vn/apis/assets/images/bank/bidc_logo.png"
    },
    {
      "code": "LAOVIETBANK",
      "logo": "https://sandbox.vnpayment.vn/apis/assets/images/bank/laovietbank_logo.png"
    },
    {
      "code": "WOORIBANK",
      "logo": "https://sandbox.vnpayment.vn/apis/assets/images/bank/woori_logo.png"
    }
  ],
  "VISA": [
    {
      "code": "VISA",
      "logo": "https://sandbox.vnpayment.vn/apis/assets/images/bank/visa_logo.png"
    },
    {
      "code": "MASTERCARD",
      "logo": "https://sandbox.vnpayment.vn/apis/assets/images/bank/mastercard_logo.png"
    },
    {
      "code": "AMEX",
      "logo": "https://sandbox.vnpayment.vn/apis/assets/images/bank/amex_logo.png"
    },
    {
      "code": "JCB",
      "logo": "https://sandbox.vnpayment.vn/apis/assets/images/bank/jcb_logo.png"
    }
  ]
}