{
    "subInfo": [
        {
            "id": 1,
            "title": "Về chúng tôi",
            "icon": "images.iconAbout"
        },
        {
            "id": 2,
            "title": "Quy chế hoạt động",
            "icon": "images.iconDocument"
        },
        {
            "id": 3,
            "title": "Chính sách bảo mật thông tin",
            "icon": "images.iconUser"
        },
        {
            "id": 4,
            "title": "Chính sách bảo mật thanh toán",
            "icon": "images.iconCard"
        },
        {
            "id": 5,
            "title": "Chính sách và quy trình giải quyết khiếu nại",
            "icon": "images.iconFeedback"
        }
    ],
    "subHelp": [
        {
            "id": 1,
            "title": "Thông tin liên hệ",
            "icon": "images.iconContact"
        },
        {
            "id": 2,
            "title": "Câu hỏi thường gặp",
            "icon": "images.iconQuestion"
        }
    ],
    "subSetting": [
        {
            "id": 3,
            "title": "App version",
            "icon": "images.iconVersion"
        }
    ]
}